id,type,topic,question_text,model_answer,explanation,created_at,options,pairs,correctAnswerIndex
a1,code,algorithms,"A teacher wants to search through a list of student names to see if a particular student is in the class. Write an algorithm that uses a linear search to do this.","function searchStudent(name)\n  for i = 0 to classList.length - 1\n    if classList[i] == name then\n      return True\n    endif\n  next i\n  return False\nendfunction",,2025-05-08T00:00:00Z,,,
a2,code,algorithms,"Write an algorithm to check if a temperature value entered by a user is within the valid range of -10 to 50 degrees. Output VALID or NOT VALID.","temp = input(\"Enter temperature\")\nif temp >= -10 and temp <= 50 then\n  print(\"VALID\")\nelse\n  print(\"NOT VALID\")\nendif",,2025-05-08T00:00:00Z,,,
a3,code,algorithms,"Write an algorithm that asks a user to input numbers until the total goes over 100. After each number is entered, output the running total.","total = 0\nwhile total <= 100\n  number = input(\"Enter a number\")\n  total = total + number\n  print(total)\nendwhile",,2025-05-08T00:00:00Z,,,
a4,short-answer,algorithms,"Give one reason why an algorithm might use a loop.","To repeat a set of instructions multiple times, such as checking each item in a list.",,2025-05-08T00:00:00Z,,,
a5,short-answer,algorithms,"Define the term abstraction in the context of algorithm design.","Abstraction means removing unnecessary detail to focus on the important parts of a problem.",,2025-05-08T00:00:00Z,,,
a6,short-answer,algorithms,"State the most appropriate data type for each of the following:\n\na) The number of books in a school library\nb) Whether a student is present or absent\nc) The title of a book\n","a) Integer\nb) Boolean\nc) String",,2025-05-08T00:00:00Z,,,
a7,short-answer,algorithms,"State the most appropriate data type for each of the following:\n\na) The average score in a maths test\nb) A student's home address\nc) Whether a light is on or off","a) Real\nb) String\nc) Boolean",,2025-05-08T00:00:00Z,,,
a8,short-answer,algorithms,"State the most appropriate data type for each of the following:\n\na) A person's shoe size (e.g. 7, 8.5)\nb) A list of usernames\nc) Whether a password is correct or not","a) Real\nb) Array (of Strings)\nc) Boolean",,2025-05-08T00:00:00Z,,,
a9,short-answer,algorithms,"State the most appropriate data type for each of the following:\n\na) The number of minutes in a video\nb) The title of the video\nc) Whether subtitles are enabled","a) Integer\nb) String\nc) Boolean",,2025-05-08T00:00:00Z,,,
a10,short-answer,algorithms,"A program asks users to enter their age (between 1 and 100). Give one example of:\n\na) A normal test value\nb) A boundary test value\nc) An erroneous test value","a) 25 (normal)\nb) 1 or 100 (boundary)\nc) -5 or 'abc' (erroneous)",,2025-05-08T00:00:00Z,,,
a11,short-answer,algorithms,"A program accepts integers between 10 and 20 inclusive. Give three suitable test inputs and state what type of test each one is.","10 (boundary), 15 (normal), 25 (erroneous)",,2025-05-08T00:00:00Z,,,
a12,short-answer,algorithms,"State why it is important to include boundary test data when testing a program.","To check that the program correctly handles values at the edge of the acceptable input range.",,2025-05-08T00:00:00Z,,,
a13,short-answer,algorithms,"What is meant by the term erroneous test data?","Test data that is outside the valid range or the wrong data type, used to check that the program handles errors correctly.",,2025-05-08T00:00:00Z,,,
a14,short-answer,algorithms,"A table called `Students` contains the fields `FirstName`, `LastName`, `Age`, and `FormGroup`.\n\nWrite an SQL statement to display all records for students in form group '10A'.","SELECT * FROM Students WHERE FormGroup = '10A';",,2025-05-08T00:00:00Z,,,
a15,short-answer,algorithms,"The table `Books` contains the fields `Title`, `Author`, and `YearPublished`.\n\nWrite an SQL query to show the `Title` and `Author` of books published after the year 2010.","SELECT Title, Author FROM Books WHERE YearPublished > 2010;",,2025-05-08T00:00:00Z,,,
a16,short-answer,algorithms,"A table named `Orders` has the fields `OrderID`, `CustomerName`, and `TotalAmount`.\n\nWrite an SQL query to display only orders with a `TotalAmount` greater than 100.","SELECT * FROM Orders WHERE TotalAmount > 100;",,2025-05-08T00:00:00Z,,,
a17,short-answer,algorithms,"The table `Results` contains the fields `StudentName`, `Subject`, and `Score`.\n\nWrite an SQL statement to show the names of students who scored exactly 100.","SELECT StudentName FROM Results WHERE Score = 100;",,2025-05-08T00:00:00Z,,,
a18,short-answer,algorithms,"A table `Products` has fields `ProductName`, `Category`, and `Price`.\n\nWrite an SQL statement to show all products in the 'Electronics' category that cost less than 50.","SELECT * FROM Products WHERE Category = 'Electronics' AND Price < 50;",,2025-05-08T00:00:00Z,,,
a19,matching,algorithms,"Match each type of test data to its correct description:","A value that is expected and within the valid range\nA value at the edge of the valid range\nA value that is invalid or outside the expected range","These types of test data are used to ensure a program behaves correctly in different input scenarios.",2025-05-08T00:00:00Z,,"{Normal:A value that is expected and within the valid range,Boundary:A value at the edge of the valid range,Erroneous:A value that is invalid or outside the expected range}",
a20,matching,algorithms,"Match each principle of computational thinking to its correct description:","Removing unnecessary detail to focus on what's important\nBreaking a problem down into smaller, manageable parts\nCreating a clear, step-by-step solution to a problem","These principles help programmers solve problems in a logical and structured way.",2025-05-08T00:00:00Z,,"{Abstraction:Removing unnecessary detail to focus on what's important,Decomposition:Breaking a problem down into smaller, manageable parts,Algorithmic thinking:Creating a clear, step-by-step solution to a problem}",
a21,matching,algorithms,"Match each example to the computational thinking principle it demonstrates:","Abstraction\nDecomposition\nAlgorithmic thinking","Each example shows how different computational thinking principles are applied in practice.",2025-05-08T00:00:00Z,,"{Ignoring colour and font to focus on webpage structure:Abstraction,Splitting a game into levels, controls, and scoring systems:Decomposition,Planning the steps a robot must take to cross a maze:Algorithmic thinking}",
a22,short-answer,algorithms,"This code is meant to check if a number is even:\n\nnumber = 6\nif number div 2 == 0:\n    print(\"Even\")\n\nIdentify the logic error and suggest a fix.","The 'div' operator gives the result of division, not the remainder. 'mod' should be used to check even numbers. Fix: 'if number mod 2 == 0:'",,2025-05-08T00:00:00Z,,,
a23,short-answer,algorithms,"The following code is meant to output numbers from 1 to 5:\n\ni = 1\nwhile i < 5:\n    print(i)\n    i = i - 1\n\nExplain the logic error.","The loop decreases i, so it will never reach 5. It creates an infinite loop. Fix: use 'i = i + 1'.",,2025-05-08T00:00:00Z,,,
a24,short-answer,algorithms,"The program is meant to add two numbers entered by the user:\n\na = input(\"Enter first number\")\nb = input(\"Enter second number\")\nprint(a + b)\n\nDescribe the logic error and give a fix.","The inputs are strings, so it concatenates them instead of adding. Fix: convert inputs to integers using 'int()'.",,2025-05-08T00:00:00Z,,,
a25,short-answer,algorithms,"The code below is meant to print \"Correct\" if the user enters the password \"admin\":\n\npassword = input(\"Enter password\")\nif password = \"admin\":\n    print(\"Correct\")\n\nIdentify the error and suggest a fix.","The '=' operator is used instead of '=='. Fix: change to 'if password == \"admin\"'.",,2025-05-08T00:00:00Z,,,
a26,short-answer,algorithms,"This code should output \"Even\" if the number is divisible by 2:\n\nnum = 4\nif num % 2 = 0:\n    print(\"Even\")\n\nIdentify the syntax error and fix it.","'=' is used instead of '=='. Fix: 'if num % 2 == 0:'",,2025-05-08T00:00:00Z,,,
a27,short-answer,algorithms,"The program should print \"Too low\" if the number is less than 5:\n\nnum = 3\nif num > 5:\n    print(\"Too low\")\n\nIdentify the logic error and fix it.","The operator should be '<' not '>'. Fix: 'if num < 5:'",,2025-05-08T00:00:00Z,,, 